Max,max@gmail.com,London,2026-03-11
Max,max@gmail.com,London,2026-03-11
Alexandra,alex@gmail.com,Bath,2026-03-11
Max,max@gmail.com,London,2026-03-11
Max,max@gmail.com,London,2026-03-11
Alexandra,alex@gmail.com,Bath,2026-03-11
Ana,ana@gmail.com,Kent,2026-03-11
Max,max@gmail.com,London,2026-03-11
Max,max@gmail.com,London,2026-03-11
Alexandra,alex@gmail.com,Bath,2026-03-11
Max,max@gmail.com,London,2026-03-11
Max,max@gmail.com,London,2026-03-11
Alexandra,alex@gmail.com,Bath,2026-03-11
Ana,ana@gmail.com,Kent,2026-03-11
Kevin,kevin@gmail.com,Milan,2026-03-11
Marta,marta@gmail.com,Brasil,2026-03-11
